﻿<?xml version="1.0" encoding="utf-8"?>
<list count="15">
<subject ok="C">
<title>废文件</title>
<url>图片/废纸.png</url>
</subject>
<subject ok="C">
<title>废纸</title>
<url>图片/废纸.png</url>
</subject>
<subject ok="C">
<title>废纸箱</title>
<url>图片/废纸箱.png</url>
</subject>
<subject ok="C">
<title>酒瓶</title>
<url>图片/酒瓶.png</url>
</subject>
<subject ok="C">
<title>旧衣服3</title>
<url>图片/旧衣服1.png</url>
</subject>
<subject ok="C">
<title>塑料瓶</title>
<url>图片/塑料瓶.png</url>
</subject>
<subject ok="C">
<title>塑料袋</title>
<url>图片/塑料袋.png</url>
</subject>
<subject ok="D">
<title>一次性餐盒567</title>
<url>图片/一次性餐盒.png</url>
</subject>
<subject ok="C">
<title>易拉罐</title>
<url>图片/易拉罐.png</url>
</subject>
<subject ok="C">
<title>碎玻璃</title>
<url>图片/碎玻璃.png</url>
</subject>
<subject ok="C">
<title>渣土</title>
<url>图片/渣土.png</url>
</subject>
<subject ok="C">
<title>渣土</title>
<url>图片/渣土1.png</url>
</subject>
<subject ok="C">
<title>灯管</title>
<url>图片/灯管.png</url>
</subject>
<subject ok="C">
<title>电池</title>
<url>图片/电池.png</url>
</subject>
<subject ok="C">
<title>油漆</title>
<url>图片/油漆.png</url>
</subject>
</list>
