<?xml version="1.0" encoding="utf-8"?>
<list count="4">
<class2>
<subject ok="A">
<title>1374220672338.mp3</title>
<A>请输入A答案</A>
<B>请输入B答案</B>
<C>请输入C答案</C>
<D>请输入D答案</D>
</subject>
</class2>
<class4>
<subject ok="B">
<title>1374221247375.mp3</title>
<A>请输入A答案</A>
<B>请输入B答案</B>
<C>请输入C答案</C>
<D>请输入D答案</D>
</subject>
<subject ok="C">
<title>aa.mp3</title>
<A>请输入A答案</A>
<B>请输入B答案</B>
<C>请输入C答案</C>
<D>请输入D答案</D>
</subject>
</class4>
<class5>
<subject ok="D">
<title>1374221246544.mp3</title>
<A>请输入A答案</A>
<B>请输入B答案</B>
<C>请输入C答案</C>
<D>请输入D答案</D>
</subject>
</class5>
</list>
